,beta,se,W,p_val,q_val,diff_abn,struc_zero_0,struc_zero_1,is_da
Bacteria*Bacteroidota,-0.25274126654597373,0.42595630510373206,-0.5933502181272426,0.5529467973934735,0.9251398057988243,0,0,0,False
Bacteria*Firmicutes,0.11992530574968668,0.5104546914902687,0.23493819872546504,0.8142567008981143,0.9251398057988243,0,0,0,False
Bacteria*Fusobacteriota,0.5368673592871014,1.3383723264136704,0.40113453386002235,0.6883210766523391,0.9251398057988243,0,0,0,False
Bacteria*Proteobacteria,-0.19138347452186244,0.5284032142718786,-0.36219210889090114,0.7172084760176622,0.9251398057988243,0,0,0,False
Bacteria*Desulfobacterota,0.6176723005806719,0.7297328987239683,0.8464361434995616,0.39730948266156896,0.9251398057988243,0,0,0,False
Bacteria*Actinobacteriota,1.022817104732013,0.7257721894068764,1.4092812037450635,0.15875203448738762,0.9251398057988243,0,0,0,False
Bacteria*Synergistota,0.08593410250183159,0.48894004090807824,0.17575591138379967,0.8604857079824385,0.9251398057988243,0,0,0,False
Bacteria*Verrucomicrobiota,-0.5803607339661341,0.703485401563502,-0.8249790723109216,0.4093834721390165,0.9251398057988243,0,0,0,False
Bacteria*Cyanobacteria,-0.0346880006670689,0.3691728130913215,-0.09396141708432955,0.9251398057988243,0.9251398057988243,0,0,0,False
