,beta,se,W,p_val,q_val,diff_abn,struc_zero_0,struc_zero_1,is_da
Bacteria*Firmicutes,1.6505035284414191,0.9703052025460247,1.7010148189565442,0.0889402045391786,0.6954657367652151,0,0,0,False
Bacteria*Proteobacteria,-1.5140490856951687,1.375377983442607,-1.1008239945105593,0.2709732665941126,0.6954657367652151,0,0,0,False
Bacteria*Verrucomicrobiota,-0.012403198859414639,0.2540527033700765,-0.04882136145328475,0.9610616584937289,0.9610616584937289,0,0,0,False
Bacteria*Bacteroidota,0.532610226727182,0.518951070253195,1.0263207020024503,0.3047404422661871,0.6954657367652151,0,0,0,False
Bacteria*Fusobacteriota,-0.5269557813057443,0.5611907379693476,-0.9389958629975229,0.34773286838260753,0.6954657367652151,0,0,0,False
Bacteria*Synergistota,-0.012403198859414639,0.2540527033700765,-0.04882136145328475,0.9610616584937289,0.9610616584937289,0,0,0,False
Bacteria*Cyanobacteria,-0.012403198859414639,0.2540527033700765,-0.04882136145328475,0.9610616584937289,0.9610616584937289,0,0,0,False
Bacteria*Actinobacteriota,-0.012403198859414639,0.2540527033700765,-0.04882136145328475,0.9610616584937289,0.9610616584937289,0,0,0,False
