,beta,se,W,p_val,q_val,diff_abn,struc_zero_0,struc_zero_1,is_da
Bacteria*Firmicutes,-0.10177703180210962,0.31909413282261856,-0.31895613655386923,0.7497597748102736,0.9671413451539328,0,0,0,False
Bacteria*Proteobacteria,-0.04118668695755963,0.9998257682962702,-0.04119386423470846,0.9671413451539328,0.9671413451539328,0,0,0,False
Bacteria*Verrucomicrobiota,-0.18464985850934765,0.2771785063057384,-0.6661766850914185,0.5052981734899279,0.9671413451539328,0,0,0,False
Bacteria*Bacteroidota,0.6369999865074862,0.4408522144569085,1.4449286305439448,0.14847793340292137,0.9671413451539328,0,0,0,False
Bacteria*Fusobacteriota,-0.016699028015950496,0.23411045360161403,-0.0713296982644237,0.9431353596240103,0.9671413451539328,0,0,0,False
Bacteria*Synergistota,0.07733704128250413,0.21513224118106294,0.3594860577751083,0.7192315060010135,0.9671413451539328,0,0,0,False
Bacteria*Cyanobacteria,-0.038251677847421686,0.24420659063765726,-0.15663655001096102,0.8755312953406413,0.9671413451539328,0,0,0,False
Bacteria*Actinobacteriota,-0.010334203685333512,0.22398072078341705,-0.046138808952786575,0.9631996138595073,0.9671413451539328,0,0,0,False
